Harga_Dollar,Harga_Rp,Nama_Barang,Rating,Terjual
33.99,503255.94,Bluetooth 5.0 Wireless Earbuds Headsets Bluetooth Headphones 【24Hrs Charging Case】 3D Stereo IPX5 Waterproof Pop-ups Auto Pairing Fast Charging for Earphone Samsung Apple Airpods Pro/Airpods/Airpod 2,5.0,Sponsored
42.99,636509.9400000001,Wireless Earbuds Bluetooth 5.0 Headphones in-Ear Noise Cancelling Headphones HiFi Stereo IPX5 Waterproof Headphones Built-in Microphone with Quick Charge Box for iPhone Android Apple Airpods,4.5,Sponsored
0,0.0,Apple AirPods Pro,4.5,16119
0,0.0,Apple AirPods with Charging Case,4.5,72120
39.95,591499.7000000001,"Wireless Earbuds, Bluetooth 5.0 Headphones Hi-Fi Stereo Bluetooth Earbuds Half in-Ear True Wireless Earbuds with Buit-in Mic Headset 35H Playtime with Charging Case Sweatproof for Work/Travel/Gym",4.8,722
29.99,444031.94,True Wireless Earbuds - PLESON IPX6 Waterproof Bluetooth 5.0 Wireless Earphones with Mic Charging Case 35H Playtime in-Ear Hi-Fi Stereo Sound TWS Headphones Sport Headsets for Workout/Running/Travel,4.4,657
32.29,478085.74,"Lasuney Waterproof Bluetooth 5.0 True Wireless Earbuds, 35H Cyclic Playtime TWS Headphones with Charging Case and mic, in-Ear Stereo Earphones Headset for Sport",4.5,1876
29.99,444031.94,"Wireless Earbuds, Bluetooth 5.0 IPX7 Waterproof Headphones with Digital Intelligence LED Display Charging Case, HD Stereo Built-in Mic in-Ear Sports Earphones 80 Hrs Playtime for Running Gym Office",4.5,1815
39.99,592091.9400000001,TOZO T10 Bluetooth 5.0 Wireless Earbuds with Wireless Charging Case IPX8 Waterproof TWS Stereo Headphones in Ear Built in Mic Headset Premium Sound with Deep Bass for Sport Khaki,4.4,3504
39.99,592091.9400000001,"Bluetooth 5.0 Earphones Wireless Earbuds, Airpods IPX5 Waterproof 24H Playtime True Wireless Sport Headphones, 3D HD Stereo Noise Reduction, for Android/iPhone/Samsung/Huawei",4.2,20
29.98,443883.88,"Wireless Earbuds, ELECDOLPH Bluetooth 5.0 True Wireless Earbuds, 30H Cycle Playtime Wireless Headphones HiFi Stereo Earphones with Charging Case Compatible for iPhone, Android",4.9,193
29.99,444031.94,"Bluetooth Earbuds Wireless Earbuds Bluetooth Headphones Earphones with 30H Playtime HiFi 3D Stereo Sound,IPX5 Waterproof Built-in Mic Earphones CVC8.0 Apt-X with Charging Case for Sports，Black",4.6,96
0,0.0,"Bluetooth Earphones, Bluetooth 5.0 Wireless Earbuds, in-Ear Built-in Mic Headset Noise Canceling IPX5 Waterproof Sports Headset, Pop-ups Auto Pairing with Portable Charging Case - White",2.4,28
23.99,355195.94,"Wireless Earbuds, Bluetooth 5.0 Earbuds CXK Hi-Fi Stereo Headphones 30H Playtime in-Ear True Wireless Earbuds Sweatproof Earphones Sport Headsets Buit-in Mic for Working/Travel/Gym",4.8,539
116.00,1717496.0,Apple Airpods Wireless Bluetooth In-Ear Headset w/ Charging Case MMEF2AM/A(Renewed),4.4,134
21.99,325583.94,"AhaStyle 3 in 1 Charging Stand Dock Aluminum Desktop Holder for Cell Phone, AirPods Pro/AirPods 2/ AirPods and Apple Watch Series 5/4/3/2/1(Black)",4.8,25
29.99,444031.94,True Wireless Earbuds 5.0 Auto Pairing Wireless Charging Bluetooth Headphones Deep Bass HiFi Stereo Sound Mini in Ear Bluetooth Earphones with Built in Mic and Charging Case for Sports and Running,4.3,235
24.40,361266.39999999997,"Luisport Wireless Headphones Earphones,Wireless Earbuds Bluetooth Earbuds Bluetooth Earphones Bluetooth Headphones with Battery Case (11-F-Black)",3.9,1127
39.99,592091.9400000001,"Bluetooth 5.0 Earphones Wireless Earbuds, Airpods IPX5 Waterproof 24H Playtime True Wireless Sport Headphones, 3D HD Stereo Noise Reduction, for Android/iPhone/Samsung/Huawei",4.2,Sponsored
39.99,592091.9400000001,"True Wireless Bluetooth 5.0 Headphones,Earpods IPX5 Waterproof,30Hrs Playtime Earbuds,Pop-ups Auto Pairing Air Buds,Long Battery Life Compatible with Android,Samsung,iOS,Airpods,PC,mp3",5.0,Sponsored
